symbol,open,high,low,close,epoch,timestamp
BOOM1000,14271.809,14271.809,14271.229,14271.229,1775122200,2026-04-02T11:30:00
CRASH1000,5443.046,5443.226,5443.046,5443.226,1775122200,2026-04-02T11:30:00
BOOM1000,14282.616,14282.616,14281.726,14281.726,1775121300,2026-04-02T11:15:00
BOOM1000,14281.706,14281.706,14277.295,14277.295,1775121600,2026-04-02T11:20:00
BOOM1000,14277.281,14278.48,14275.811,14275.811,1775121900,2026-04-02T11:25:00
BOOM1000,14275.804,14275.804,14271.229,14271.229,1775122200,2026-04-02T11:30:00
CRASH1000,5438.146,5438.464,5438.146,5438.464,1775121300,2026-04-02T11:15:00
CRASH1000,5438.468,5440.145,5438.468,5440.145,1775121600,2026-04-02T11:20:00
CRASH1000,5440.151,5441.665,5440.151,5441.665,1775121900,2026-04-02T11:25:00
CRASH1000,5441.673,5443.226,5441.673,5443.226,1775122200,2026-04-02T11:30:00
BOOM1000,14277.985,14277.985,14277.295,14277.295,1775121600,2026-04-02T11:20:00
BOOM1000,14277.281,14278.48,14275.811,14275.811,1775121900,2026-04-02T11:25:00
BOOM1000,14275.804,14275.804,14271.229,14271.229,1775122200,2026-04-02T11:30:00
BOOM1000,14271.216,14271.216,14266.836,14266.836,1775122500,2026-04-02T11:35:00
CRASH1000,5439.888,5440.145,5439.888,5440.145,1775121600,2026-04-02T11:20:00
CRASH1000,5440.151,5441.665,5440.151,5441.665,1775121900,2026-04-02T11:25:00
CRASH1000,5441.673,5443.226,5441.673,5443.226,1775122200,2026-04-02T11:30:00
CRASH1000,5443.229,5444.83,5443.229,5444.83,1775122500,2026-04-02T11:35:00
BOOM1000,14262.842,14262.842,14262.428,14262.428,1775122800,2026-04-02T11:40:00
CRASH1000,5446.318,5446.465,5446.318,5446.465,1775122800,2026-04-02T11:40:00
CRASH1000,5446.466,5448.07,5446.466,5448.07,1775123100,2026-04-02T11:45:00
BOOM1000,14262.424,14262.424,14258.326,14258.326,1775123100,2026-04-02T11:45:00
CRASH1000,5448.075,5449.035,5448.075,5448.899,1775123400,2026-04-02T11:50:00
BOOM1000,14258.291,14299.57,14258.278,14298.047,1775123400,2026-04-02T11:50:00
CRASH1000,5448.902,5450.573,5448.902,5450.573,1775123700,2026-04-02T11:55:00
BOOM1000,14298.028,14305.627,14296.384,14302.799,1775123700,2026-04-02T11:55:00
CRASH1000,5450.579,5451.447,5448.104,5448.873,1775124000,2026-04-02T12:00:00
BOOM1000,14302.792,14302.792,14298.536,14298.536,1775124000,2026-04-02T12:00:00
CRASH1000,5448.877,5450.631,5448.877,5450.631,1775124300,2026-04-02T12:05:00
BOOM1000,14298.52,14298.52,14294.04,14294.04,1775124300,2026-04-02T12:05:00
CRASH1000,5450.632,5452.336,5450.632,5452.336,1775124600,2026-04-02T12:10:00
BOOM1000,14294.033,14294.033,14289.88,14289.88,1775124600,2026-04-02T12:10:00
CRASH1000,5452.343,5453.857,5452.343,5453.857,1775124900,2026-04-02T12:15:00
BOOM1000,14289.869,14313.387,14286.365,14312.739,1775124900,2026-04-02T12:15:00
BOOM1000,14312.722,14312.722,14308.621,14308.621,1775125200,2026-04-02T12:20:00
CRASH1000,5453.872,5455.563,5453.872,5455.563,1775125200,2026-04-02T12:20:00
CRASH1000,5455.576,5457.263,5455.576,5457.263,1775125500,2026-04-02T12:25:00
BOOM1000,14308.602,14308.602,14304.469,14304.469,1775125500,2026-04-02T12:25:00
CRASH1000,5457.27,5458.938,5457.27,5458.938,1775125800,2026-04-02T12:30:00
BOOM1000,14304.46,14334.206,14303.446,14331.015,1775125800,2026-04-02T12:30:00
CRASH1000,5458.939,5460.53,5458.939,5460.53,1775126100,2026-04-02T12:35:00
BOOM1000,14330.998,14330.998,14326.439,14326.439,1775126100,2026-04-02T12:35:00
BOOM1000,14326.429,14326.429,14322.351,14322.351,1775126400,2026-04-02T12:40:00
CRASH1000,5460.54,5462.234,5460.54,5462.234,1775126400,2026-04-02T12:40:00
CRASH1000,5462.236,5463.875,5462.236,5463.875,1775126700,2026-04-02T12:45:00
BOOM1000,14322.342,14322.342,14317.954,14317.954,1775126700,2026-04-02T12:45:00
CRASH1000,5463.877,5465.499,5463.877,5465.499,1775127000,2026-04-02T12:50:00
BOOM1000,14317.938,14317.938,14313.571,14313.571,1775127000,2026-04-02T12:50:00
CRASH1000,5465.501,5467.035,5465.501,5467.035,1775127300,2026-04-02T12:55:00
BOOM1000,14313.54,14313.54,14309.598,14309.598,1775127300,2026-04-02T12:55:00
BOOM1000,14309.58,14309.58,14305.146,14305.146,1775127600,2026-04-02T13:00:00
CRASH1000,5467.035,5468.601,5467.035,5468.601,1775127600,2026-04-02T13:00:00
CRASH1000,5468.601,5470.21,5464.417,5464.429,1775127900,2026-04-02T13:05:00
BOOM1000,14305.117,14305.117,14301.032,14301.032,1775127900,2026-04-02T13:05:00
BOOM1000,14301.015,14319.594,14300.992,14316.677,1775128200,2026-04-02T13:10:00
CRASH1000,5464.434,5465.976,5464.434,5465.976,1775128200,2026-04-02T13:10:00
BOOM1000,14316.67,14316.67,14315.772,14315.772,1775128500,2026-04-02T13:15:00
CRASH1000,5465.987,5466.38,5465.987,5466.38,1775128500,2026-04-02T13:15:00
BOOM1000,14303.602,14303.602,14303.036,14303.036,1775130000,2026-04-02T13:40:00
CRASH1000,5476.049,5476.306,5476.049,5476.306,1775130000,2026-04-02T13:40:00
BOOM1000,14303.016,14303.016,14302.051,14302.051,1775130300,2026-04-02T13:45:00
CRASH1000,5476.313,5476.714,5476.313,5476.714,1775130300,2026-04-02T13:45:00
BOOM1000,14295.484,14295.484,14295.397,14295.397,1775130600,2026-04-02T13:50:00
CRASH1000,5479.279,5479.292,5479.279,5479.292,1775130600,2026-04-02T13:50:00
BOOM1000,14293.39,14293.39,14291.646,14291.646,1775130900,2026-04-02T13:55:00
CRASH1000,5480.13,5480.718,5480.13,5480.718,1775130900,2026-04-02T13:55:00
CRASH1000,5472.213,5472.27,5472.213,5472.27,1775131500,2026-04-02T14:05:00
BOOM1000,14315.151,14315.151,14314.956,14314.956,1775131500,2026-04-02T14:05:00
BOOM1000,14304.08,14304.08,14303.891,14303.891,1775132100,2026-04-02T14:15:00
CRASH1000,5476.312,5476.374,5476.312,5476.374,1775132100,2026-04-02T14:15:00
BOOM1000,14303.852,14303.852,14299.44,14299.44,1775132400,2026-04-02T14:20:00
CRASH1000,5476.383,5478.064,5476.383,5478.064,1775132400,2026-04-02T14:20:00
BOOM1000,14299.407,14330.736,14295.401,14330.263,1775132700,2026-04-02T14:25:00
CRASH1000,5478.065,5478.089,5475.646,5477.302,1775132700,2026-04-02T14:25:00
CRASH1000,5477.304,5478.997,5477.304,5478.997,1775133000,2026-04-02T14:30:00
BOOM1000,14330.251,14330.251,14325.905,14325.905,1775133000,2026-04-02T14:30:00
CRASH1000,5479.003,5480.663,5479.003,5480.663,1775133300,2026-04-02T14:35:00
BOOM1000,14325.891,14325.891,14321.649,14321.649,1775133300,2026-04-02T14:35:00
CRASH1000,5480.671,5482.303,5480.671,5482.303,1775133600,2026-04-02T14:40:00
BOOM1000,14321.639,14321.639,14316.951,14316.951,1775133600,2026-04-02T14:40:00
CRASH1000,5482.311,5483.239,5482.311,5483.239,1775133900,2026-04-02T14:45:00
BOOM1000,14316.928,14316.928,14314.216,14314.216,1775133900,2026-04-02T14:45:00
BOOM1000,14310.607,14310.607,14308.464,14308.464,1775134200,2026-04-02T14:50:00
CRASH1000,5484.63,5485.479,5484.63,5485.479,1775134200,2026-04-02T14:50:00
CRASH1000,5485.488,5487.102,5485.488,5487.102,1775134500,2026-04-02T14:55:00
BOOM1000,14308.457,14308.457,14304.03,14304.03,1775134500,2026-04-02T14:55:00
BOOM1000,14304.02,14304.02,14299.909,14299.909,1775134800,2026-04-02T15:00:00
CRASH1000,5487.107,5487.162,5484.899,5486.405,1775134800,2026-04-02T15:00:00
CRASH1000,5486.408,5488.001,5486.408,5488.001,1775135100,2026-04-02T15:05:00
BOOM1000,14299.907,14299.907,14295.763,14295.763,1775135100,2026-04-02T15:05:00
BOOM1000,14295.747,14295.747,14291.345,14291.345,1775135400,2026-04-02T15:10:00
CRASH1000,5488.007,5489.623,5488.007,5489.623,1775135400,2026-04-02T15:10:00
BOOM1000,14291.323,14291.323,14286.986,14286.986,1775135700,2026-04-02T15:15:00
CRASH1000,5489.625,5490.669,5488.251,5488.79,1775135700,2026-04-02T15:15:00
CRASH1000,5488.797,5490.436,5488.797,5490.436,1775136000,2026-04-02T15:20:00
BOOM1000,14286.962,14292.792,14284.786,14291.015,1775136000,2026-04-02T15:20:00
BOOM1000,14291.007,14291.007,14286.601,14286.601,1775136300,2026-04-02T15:25:00
CRASH1000,5490.438,5491.203,5480.734,5481.696,1775136300,2026-04-02T15:25:00
BOOM1000,14286.591,14286.591,14282.192,14282.192,1775136600,2026-04-02T15:30:00
CRASH1000,5481.706,5483.26,5481.706,5483.26,1775136600,2026-04-02T15:30:00
CRASH1000,5483.267,5484.83,5483.267,5484.83,1775136900,2026-04-02T15:35:00
BOOM1000,14282.147,14282.147,14278.226,14278.226,1775136900,2026-04-02T15:35:00
CRASH1000,5484.84,5486.491,5484.84,5486.491,1775137200,2026-04-02T15:40:00
BOOM1000,14278.195,14278.195,14275.123,14275.536,1775137200,2026-04-02T15:40:00
BOOM1000,14275.519,14275.519,14271.298,14271.298,1775137500,2026-04-02T15:45:00
CRASH1000,5486.5,5486.879,5484.172,5485.359,1775137500,2026-04-02T15:45:00
BOOM1000,14271.271,14272.332,14268.077,14271.898,1775137800,2026-04-02T15:50:00
CRASH1000,5485.366,5487.031,5485.366,5487.031,1775137800,2026-04-02T15:50:00
CRASH1000,5487.039,5488.583,5487.039,5488.583,1775138100,2026-04-02T15:55:00
BOOM1000,14271.896,14271.896,14267.814,14267.814,1775138100,2026-04-02T15:55:00
CRASH1000,5488.584,5490.262,5488.584,5490.262,1775138400,2026-04-02T16:00:00
BOOM1000,14267.802,14267.802,14263.57,14263.57,1775138400,2026-04-02T16:00:00
BOOM1000,14263.536,14277.682,14263.246,14273.803,1775138700,2026-04-02T16:05:00
CRASH1000,5490.262,5491.975,5490.262,5491.975,1775138700,2026-04-02T16:05:00
BOOM1000,14273.8,14276.407,14269.677,14276.06,1775139000,2026-04-02T16:10:00
CRASH1000,5491.991,5493.62,5491.991,5493.62,1775139000,2026-04-02T16:10:00
BOOM1000,14276.026,14276.026,14271.692,14271.692,1775139300,2026-04-02T16:15:00
CRASH1000,5493.628,5495.327,5493.628,5495.327,1775139300,2026-04-02T16:15:00
CRASH1000,5495.328,5495.923,5488.603,5489.673,1775139600,2026-04-02T16:20:00
BOOM1000,14271.686,14271.686,14267.171,14267.171,1775139600,2026-04-02T16:20:00
CRASH1000,5489.674,5491.031,5482.523,5482.828,1775139900,2026-04-02T16:25:00
BOOM1000,14267.159,14291.633,14265.119,14289.469,1775139900,2026-04-02T16:25:00
BOOM1000,14289.436,14312.869,14287.34,14310.704,1775140200,2026-04-02T16:30:00
CRASH1000,5482.83,5484.401,5482.83,5484.401,1775140200,2026-04-02T16:30:00
CRASH1000,5484.405,5486.165,5484.405,5486.165,1775140500,2026-04-02T16:35:00
BOOM1000,14310.703,14310.703,14306.263,14306.263,1775140500,2026-04-02T16:35:00
BOOM1000,14306.243,14310.121,14302.385,14309.658,1775140800,2026-04-02T16:40:00
CRASH1000,5486.17,5487.254,5480.333,5480.778,1775140800,2026-04-02T16:40:00
BOOM1000,14309.639,14309.639,14305.43,14305.43,1775141100,2026-04-02T16:45:00
CRASH1000,5480.78,5482.318,5480.78,5482.318,1775141100,2026-04-02T16:45:00
BOOM1000,14305.406,14315.876,14301.738,14315.411,1775141400,2026-04-02T16:50:00
CRASH1000,5482.322,5484.059,5482.322,5484.059,1775141400,2026-04-02T16:50:00
CRASH1000,5484.064,5485.561,5475.814,5475.889,1775141700,2026-04-02T16:55:00
BOOM1000,14315.394,14315.394,14310.794,14310.794,1775141700,2026-04-02T16:55:00
CRASH1000,5475.89,5477.554,5475.89,5477.554,1775142000,2026-04-02T17:00:00
BOOM1000,14310.782,14310.782,14306.613,14306.613,1775142000,2026-04-02T17:00:00
CRASH1000,5477.555,5478.002,5474.216,5475.316,1775142300,2026-04-02T17:05:00
BOOM1000,14306.603,14306.603,14302.021,14302.021,1775142300,2026-04-02T17:05:00
CRASH1000,5475.322,5476.944,5475.322,5476.944,1775142600,2026-04-02T17:10:00
BOOM1000,14302.018,14302.018,14297.684,14297.684,1775142600,2026-04-02T17:10:00
BOOM1000,14297.674,14297.674,14293.202,14293.202,1775142900,2026-04-02T17:15:00
CRASH1000,5476.949,5478.631,5476.949,5478.631,1775142900,2026-04-02T17:15:00
BOOM1000,14293.191,14293.191,14289.15,14289.15,1775143200,2026-04-02T17:20:00
CRASH1000,5478.632,5479.286,5462.205,5462.92,1775143200,2026-04-02T17:20:00
BOOM1000,14289.132,14303.547,14288.162,14300.386,1775143500,2026-04-02T17:25:00
CRASH1000,5462.924,5464.611,5462.924,5464.611,1775143500,2026-04-02T17:25:00
CRASH1000,5464.615,5466.318,5464.615,5466.318,1775143800,2026-04-02T17:30:00
BOOM1000,14300.375,14300.375,14296.193,14296.193,1775143800,2026-04-02T17:30:00
CRASH1000,5466.331,5468.093,5466.331,5468.093,1775144100,2026-04-02T17:35:00
BOOM1000,14296.171,14296.171,14292.019,14292.019,1775144100,2026-04-02T17:35:00
CRASH1000,5468.103,5469.736,5468.103,5469.736,1775144400,2026-04-02T17:40:00
BOOM1000,14292.015,14292.015,14287.684,14287.684,1775144400,2026-04-02T17:40:00
CRASH1000,5469.74,5471.352,5469.74,5471.352,1775144700,2026-04-02T17:45:00
BOOM1000,14287.681,14306.106,14283.925,14305.671,1775144700,2026-04-02T17:45:00
BOOM1000,14305.65,14305.65,14301.42,14301.42,1775145000,2026-04-02T17:50:00
CRASH1000,5471.352,5472.962,5471.352,5472.962,1775145000,2026-04-02T17:50:00
CRASH1000,5472.962,5474.543,5472.962,5474.543,1775145300,2026-04-02T17:55:00
BOOM1000,14301.392,14301.392,14297.145,14297.145,1775145300,2026-04-02T17:55:00
CRASH1000,5474.549,5476.128,5474.549,5476.128,1775145600,2026-04-02T18:00:00
BOOM1000,14297.137,14349.831,14296.762,14346.619,1775145600,2026-04-02T18:00:00
BOOM1000,14346.601,14346.601,14342.261,14342.261,1775145900,2026-04-02T18:05:00
CRASH1000,5476.133,5477.918,5476.133,5477.918,1775145900,2026-04-02T18:05:00
CRASH1000,5477.923,5478.245,5469.177,5470.482,1775146200,2026-04-02T18:10:00
BOOM1000,14342.226,14358.853,14338.839,14358.497,1775146200,2026-04-02T18:10:00
BOOM1000,14358.466,14358.466,14354.087,14354.087,1775146500,2026-04-02T18:15:00
CRASH1000,5470.484,5472.175,5470.484,5472.175,1775146500,2026-04-02T18:15:00
CRASH1000,5472.188,5473.861,5472.188,5473.861,1775146800,2026-04-02T18:20:00
BOOM1000,14354.072,14354.072,14349.954,14349.954,1775146800,2026-04-02T18:20:00
BOOM1000,14349.953,14369.459,14349.54,14368.038,1775147100,2026-04-02T18:25:00
CRASH1000,5473.865,5475.398,5473.865,5475.398,1775147100,2026-04-02T18:25:00
BOOM1000,14368.03,14368.03,14364.182,14364.182,1775147400,2026-04-02T18:30:00
CRASH1000,5475.404,5477.077,5475.404,5477.077,1775147400,2026-04-02T18:30:00
BOOM1000,14364.155,14364.155,14359.423,14359.423,1775147700,2026-04-02T18:35:00
CRASH1000,5477.079,5478.657,5477.079,5478.657,1775147700,2026-04-02T18:35:00
CRASH1000,5478.66,5480.26,5478.66,5480.26,1775148000,2026-04-02T18:40:00
BOOM1000,14359.421,14359.421,14355.128,14355.128,1775148000,2026-04-02T18:40:00
CRASH1000,5480.265,5480.867,5480.265,5480.867,1775148300,2026-04-02T18:45:00
BOOM1000,14355.117,14355.117,14353.817,14353.817,1775148300,2026-04-02T18:45:00
CRASH1000,5482.253,5482.288,5482.253,5482.288,1775148600,2026-04-02T18:50:00
BOOM1000,14350.289,14350.289,14350.191,14350.191,1775148600,2026-04-02T18:50:00
BOOM1000,14353.247,14353.247,14350.194,14350.194,1775149500,2026-04-02T19:05:00
CRASH1000,5487.633,5488.962,5487.633,5488.962,1775149500,2026-04-02T19:05:00
CRASH1000,5488.964,5490.597,5488.964,5490.597,1775149800,2026-04-02T19:10:00
BOOM1000,14350.186,14367.603,14346.781,14366.64,1775149800,2026-04-02T19:10:00
BOOM1000,14366.631,14366.631,14362.477,14362.477,1775150100,2026-04-02T19:15:00
CRASH1000,5490.607,5492.236,5490.607,5492.236,1775150100,2026-04-02T19:15:00
CRASH1000,5492.247,5493.857,5492.247,5493.857,1775150400,2026-04-02T19:20:00
BOOM1000,14362.445,14362.445,14358.368,14358.368,1775150400,2026-04-02T19:20:00
BOOM1000,14358.347,14368.961,14356.46,14366.503,1775150700,2026-04-02T19:25:00
CRASH1000,5493.858,5493.942,5491.834,5493.315,1775150700,2026-04-02T19:25:00
BOOM1000,14366.488,14366.488,14362.144,14362.144,1775151000,2026-04-02T19:30:00
CRASH1000,5493.319,5494.932,5493.319,5494.932,1775151000,2026-04-02T19:30:00
CRASH1000,5494.937,5495.334,5483.732,5484.19,1775151300,2026-04-02T19:35:00
BOOM1000,14362.143,14380.571,14362.084,14376.3,1775151300,2026-04-02T19:35:00
BOOM1000,14376.295,14376.295,14374.906,14374.906,1775151600,2026-04-02T19:40:00
CRASH1000,5484.197,5484.784,5484.197,5484.784,1775151600,2026-04-02T19:40:00
BOOM1000,14388.899,14388.899,14388.816,14388.816,1775153700,2026-04-02T20:15:00
CRASH1000,5461.452,5461.478,5461.452,5461.478,1775153700,2026-04-02T20:15:00
BOOM1000,14430.176,14430.176,14428.462,14428.462,1775156700,2026-04-02T21:05:00
CRASH1000,5445.49,5446.17,5445.49,5446.17,1775156700,2026-04-02T21:05:00
BOOM1000,14428.446,14428.446,14427.271,14427.271,1775157000,2026-04-02T21:10:00
CRASH1000,5446.177,5446.595,5446.177,5446.595,1775157000,2026-04-02T21:10:00
CRASH1000,5457.526,5457.774,5457.526,5457.774,1775160900,2026-04-02T22:15:00
BOOM1000,14433.481,14433.481,14432.942,14432.942,1775160900,2026-04-02T22:15:00
CRASH1000,5496.217,5497.764,5496.217,5497.764,1775173200,2026-04-03T01:40:00
BOOM1000,14462.987,14478.176,14459.154,14478.057,1775173200,2026-04-03T01:40:00
CRASH1000,5497.764,5499.32,5497.14,5497.195,1775173500,2026-04-03T01:45:00
BOOM1000,14478.052,14478.052,14473.783,14473.783,1775173500,2026-04-03T01:45:00
BOOM1000,14473.774,14473.774,14469.249,14469.249,1775173800,2026-04-03T01:50:00
CRASH1000,5497.2,5498.973,5497.2,5498.973,1775173800,2026-04-03T01:50:00
BOOM1000,14469.246,14469.246,14464.842,14464.842,1775174100,2026-04-03T01:55:00
CRASH1000,5498.98,5500.507,5498.98,5500.507,1775174100,2026-04-03T01:55:00
BOOM1000,14464.827,14464.827,14460.392,14460.392,1775174400,2026-04-03T02:00:00
CRASH1000,5500.517,5502.186,5500.517,5502.186,1775174400,2026-04-03T02:00:00
CRASH1000,5502.194,5503.862,5502.194,5503.862,1775174700,2026-04-03T02:05:00
BOOM1000,14460.366,14473.114,14456.575,14472.478,1775174700,2026-04-03T02:05:00
CRASH1000,5503.87,5505.508,5503.87,5505.508,1775175000,2026-04-03T02:10:00
BOOM1000,14472.45,14472.45,14468.194,14468.194,1775175000,2026-04-03T02:10:00
CRASH1000,5505.521,5506.635,5505.147,5505.623,1775175300,2026-04-03T02:15:00
CRASH1000,5505.626,5507.372,5505.626,5507.372,1775175600,2026-04-03T02:20:00
CRASH1000,5507.382,5508.993,5507.382,5508.993,1775175900,2026-04-03T02:25:00
CRASH1000,5509.001,5510.643,5509.001,5510.643,1775176200,2026-04-03T02:30:00
CRASH1000,5510.646,5512.216,5510.646,5512.216,1775176500,2026-04-03T02:35:00
CRASH1000,5512.222,5514.023,5512.222,5514.023,1775176800,2026-04-03T02:40:00
CRASH1000,5514.027,5515.588,5514.027,5515.588,1775177100,2026-04-03T02:45:00
CRASH1000,5515.588,5515.731,5511.879,5512.479,1775177400,2026-04-03T02:50:00
CRASH1000,5512.48,5513.469,5502.168,5502.648,1775177700,2026-04-03T02:55:00
CRASH1000,5502.655,5504.392,5502.655,5504.392,1775178000,2026-04-03T03:00:00
CRASH1000,5504.396,5506.004,5504.396,5506.004,1775178300,2026-04-03T03:05:00
CRASH1000,5506.004,5507.69,5506.004,5507.69,1775178600,2026-04-03T03:10:00
CRASH1000,5507.695,5509.337,5507.695,5509.337,1775178900,2026-04-03T03:15:00
CRASH1000,5509.339,5509.35,5504.412,5506.097,1775179200,2026-04-03T03:20:00
CRASH1000,5506.103,5506.47,5490.263,5490.879,1775179500,2026-04-03T03:25:00
CRASH1000,5490.886,5492.506,5490.886,5492.506,1775179800,2026-04-03T03:30:00
CRASH1000,5492.511,5494.071,5492.511,5493.404,1775180100,2026-04-03T03:35:00
CRASH1000,5493.404,5495.053,5493.404,5495.053,1775180400,2026-04-03T03:40:00
CRASH1000,5495.053,5496.243,5489.097,5489.572,1775180700,2026-04-03T03:45:00
CRASH1000,5489.582,5491.335,5489.582,5491.335,1775181000,2026-04-03T03:50:00
CRASH1000,5491.34,5491.521,5486.747,5488.079,1775181300,2026-04-03T03:55:00
CRASH1000,5488.083,5488.797,5482.278,5483.2,1775181600,2026-04-03T04:00:00
CRASH1000,5483.211,5484.899,5483.211,5484.899,1775181900,2026-04-03T04:05:00
CRASH1000,5484.912,5486.651,5484.912,5486.651,1775182200,2026-04-03T04:10:00
CRASH1000,5486.66,5487.796,5481.125,5481.735,1775182500,2026-04-03T04:15:00
CRASH1000,5481.738,5483.427,5481.738,5483.427,1775182800,2026-04-03T04:20:00
CRASH1000,5483.433,5485.123,5483.433,5485.123,1775183100,2026-04-03T04:25:00
CRASH1000,5485.131,5486.766,5485.131,5486.766,1775183400,2026-04-03T04:30:00
CRASH1000,5486.77,5488.418,5486.77,5488.418,1775183700,2026-04-03T04:35:00
CRASH1000,5488.419,5490.04,5488.419,5490.04,1775184000,2026-04-03T04:40:00
CRASH1000,5490.04,5491.646,5490.04,5491.646,1775184300,2026-04-03T04:45:00
CRASH1000,5491.657,5493.207,5491.657,5493.207,1775184600,2026-04-03T04:50:00
CRASH1000,5493.212,5494.771,5493.212,5494.771,1775184900,2026-04-03T04:55:00
CRASH1000,5494.773,5496.361,5494.773,5496.361,1775185200,2026-04-03T05:00:00
CRASH1000,5496.363,5497.446,5494.081,5494.665,1775185500,2026-04-03T05:05:00
CRASH1000,5494.678,5496.268,5494.678,5496.268,1775185800,2026-04-03T05:10:00
CRASH1000,5496.282,5497.952,5496.282,5497.952,1775186100,2026-04-03T05:15:00
CRASH1000,5497.96,5499.562,5497.96,5499.562,1775186400,2026-04-03T05:20:00
CRASH1000,5499.563,5499.787,5491.458,5492.788,1775186700,2026-04-03T05:25:00
CRASH1000,5492.788,5494.388,5478.771,5478.895,1775187000,2026-04-03T05:30:00
CRASH1000,5478.901,5480.486,5478.901,5480.486,1775187300,2026-04-03T05:35:00
CRASH1000,5480.49,5481.025,5466.922,5467.652,1775187600,2026-04-03T05:40:00
CRASH1000,5467.661,5469.197,5467.661,5469.197,1775187900,2026-04-03T05:45:00
CRASH1000,5469.197,5470.877,5469.197,5470.877,1775188200,2026-04-03T05:50:00
CRASH1000,5470.88,5472.436,5470.88,5472.436,1775188500,2026-04-03T05:55:00
CRASH1000,5472.446,5474.06,5472.446,5474.06,1775188800,2026-04-03T06:00:00
CRASH1000,5474.067,5475.656,5474.067,5475.656,1775189100,2026-04-03T06:05:00
CRASH1000,5475.657,5477.265,5475.657,5477.265,1775189400,2026-04-03T06:10:00
CRASH1000,5477.275,5478.79,5477.275,5478.79,1775189700,2026-04-03T06:15:00
CRASH1000,5478.798,5479.867,5473.388,5473.934,1775190000,2026-04-03T06:20:00
CRASH1000,5473.947,5475.636,5473.947,5475.636,1775190300,2026-04-03T06:25:00
CRASH1000,5475.64,5477.226,5475.64,5477.226,1775190600,2026-04-03T06:30:00
CRASH1000,5477.234,5478.184,5476.775,5478.184,1775190900,2026-04-03T06:35:00
CRASH1000,5478.192,5479.886,5478.192,5479.886,1775191200,2026-04-03T06:40:00
CRASH1000,5479.889,5481.499,5479.889,5481.499,1775191500,2026-04-03T06:45:00
CRASH1000,5481.51,5483.189,5481.51,5483.189,1775191800,2026-04-03T06:50:00
CRASH1000,5483.191,5484.804,5483.191,5484.804,1775192100,2026-04-03T06:55:00
CRASH1000,5484.811,5485.131,5469.396,5470.453,1775192400,2026-04-03T07:00:00
CRASH1000,5470.454,5471.811,5464.729,5464.914,1775192700,2026-04-03T07:05:00
CRASH1000,5464.919,5466.461,5464.919,5466.461,1775193000,2026-04-03T07:10:00
CRASH1000,5466.473,5467.986,5466.371,5467.986,1775193300,2026-04-03T07:15:00
CRASH1000,5468.0,5468.041,5455.596,5457.122,1775193600,2026-04-03T07:20:00
CRASH1000,5457.135,5458.723,5457.135,5458.723,1775193900,2026-04-03T07:25:00
CRASH1000,5458.726,5460.365,5458.726,5460.365,1775194200,2026-04-03T07:30:00
CRASH1000,5460.373,5461.176,5455.946,5456.797,1775194500,2026-04-03T07:35:00
CRASH1000,5456.797,5458.412,5456.797,5458.412,1775194800,2026-04-03T07:40:00
CRASH1000,5458.414,5460.208,5458.414,5460.208,1775195100,2026-04-03T07:45:00
CRASH1000,5460.211,5460.987,5458.434,5459.234,1775195400,2026-04-03T07:50:00
CRASH1000,5459.241,5460.574,5454.004,5454.332,1775195700,2026-04-03T07:55:00
CRASH1000,5454.339,5456.001,5454.339,5456.001,1775196000,2026-04-03T08:00:00
CRASH1000,5456.003,5457.669,5456.003,5457.669,1775196300,2026-04-03T08:05:00
CRASH1000,5457.669,5459.244,5457.669,5459.244,1775196600,2026-04-03T08:10:00
CRASH1000,5459.245,5460.932,5459.245,5460.932,1775196900,2026-04-03T08:15:00
CRASH1000,5460.933,5462.488,5460.933,5462.488,1775197200,2026-04-03T08:20:00
CRASH1000,5462.492,5463.749,5458.977,5459.432,1775197500,2026-04-03T08:25:00
CRASH1000,5459.443,5461.18,5459.443,5461.18,1775197800,2026-04-03T08:30:00
CRASH1000,5461.185,5462.846,5461.185,5462.846,1775198100,2026-04-03T08:35:00
CRASH1000,5462.857,5463.979,5462.43,5463.002,1775198400,2026-04-03T08:40:00
CRASH1000,5463.013,5464.609,5463.013,5464.609,1775198700,2026-04-03T08:45:00
CRASH1000,5464.611,5466.308,5464.611,5466.308,1775199000,2026-04-03T08:50:00
CRASH1000,5466.312,5467.951,5466.312,5467.951,1775199300,2026-04-03T08:55:00
CRASH1000,5467.955,5469.576,5467.955,5468.938,1775199600,2026-04-03T09:00:00
CRASH1000,5468.939,5470.511,5468.939,5470.511,1775199900,2026-04-03T09:05:00
CRASH1000,5470.518,5472.129,5470.518,5472.129,1775200200,2026-04-03T09:10:00
CRASH1000,5472.137,5473.776,5472.137,5473.776,1775200500,2026-04-03T09:15:00
CRASH1000,5473.781,5475.427,5473.781,5475.427,1775200800,2026-04-03T09:20:00
CRASH1000,5475.434,5477.075,5475.434,5477.075,1775201100,2026-04-03T09:25:00
CRASH1000,5477.085,5478.704,5477.085,5478.704,1775201400,2026-04-03T09:30:00
CRASH1000,5478.707,5480.289,5478.707,5480.289,1775201700,2026-04-03T09:35:00
CRASH1000,5480.291,5481.84,5480.291,5481.84,1775202000,2026-04-03T09:40:00
CRASH1000,5481.842,5482.732,5481.842,5482.532,1775202300,2026-04-03T09:45:00
CRASH1000,5482.537,5484.174,5482.537,5484.174,1775202600,2026-04-03T09:50:00
CRASH1000,5484.176,5485.754,5484.176,5485.754,1775202900,2026-04-03T09:55:00
CRASH1000,5485.755,5486.819,5483.618,5484.19,1775203200,2026-04-03T10:00:00
CRASH1000,5484.191,5485.827,5484.191,5485.827,1775203500,2026-04-03T10:05:00
CRASH1000,5485.831,5487.513,5485.831,5487.513,1775203800,2026-04-03T10:10:00
CRASH1000,5487.517,5487.951,5482.965,5484.247,1775204100,2026-04-03T10:15:00
CRASH1000,5484.251,5485.314,5478.159,5478.744,1775204400,2026-04-03T10:20:00
CRASH1000,5478.753,5480.448,5478.753,5480.448,1775204700,2026-04-03T10:25:00
CRASH1000,5480.449,5482.08,5480.449,5482.08,1775205000,2026-04-03T10:30:00
CRASH1000,5482.088,5483.719,5482.088,5483.719,1775205300,2026-04-03T10:35:00
CRASH1000,5483.721,5485.401,5483.721,5485.401,1775205600,2026-04-03T10:40:00
CRASH1000,5485.407,5487.033,5485.407,5487.033,1775205900,2026-04-03T10:45:00
CRASH1000,5487.035,5488.639,5487.035,5488.639,1775206200,2026-04-03T10:50:00
CRASH1000,5488.642,5490.291,5488.642,5490.291,1775206500,2026-04-03T10:55:00
CRASH1000,5490.294,5491.884,5490.294,5491.884,1775206800,2026-04-03T11:00:00
CRASH1000,5491.893,5491.893,5491.893,5491.893,1775207100,2026-04-03T11:05:00
BOOM1000,14468.186,14468.186,14463.897,14463.897,1775175300,2026-04-03T02:15:00
BOOM1000,14463.884,14471.556,14460.489,14470.728,1775175600,2026-04-03T02:20:00
BOOM1000,14470.716,14470.716,14466.172,14466.172,1775175900,2026-04-03T02:25:00
BOOM1000,14466.17,14509.652,14464.876,14507.863,1775176200,2026-04-03T02:30:00
BOOM1000,14507.86,14515.393,14503.914,14514.951,1775176500,2026-04-03T02:35:00
BOOM1000,14514.913,14534.446,14511.204,14533.583,1775176800,2026-04-03T02:40:00
BOOM1000,14533.557,14533.557,14529.189,14529.189,1775177100,2026-04-03T02:45:00
BOOM1000,14529.161,14529.161,14524.66,14524.66,1775177400,2026-04-03T02:50:00
BOOM1000,14524.649,14524.649,14520.149,14520.149,1775177700,2026-04-03T02:55:00
BOOM1000,14520.137,14520.137,14515.689,14515.689,1775178000,2026-04-03T03:00:00
BOOM1000,14515.689,14515.689,14511.385,14511.385,1775178300,2026-04-03T03:05:00
BOOM1000,14511.371,14511.371,14506.674,14506.674,1775178600,2026-04-03T03:10:00
BOOM1000,14506.66,14511.495,14503.019,14511.004,1775178900,2026-04-03T03:15:00
BOOM1000,14510.988,14510.988,14507.005,14507.005,1775179200,2026-04-03T03:20:00
BOOM1000,14507.005,14507.005,14502.754,14502.754,1775179500,2026-04-03T03:25:00
BOOM1000,14502.751,14502.751,14498.309,14498.309,1775179800,2026-04-03T03:30:00
BOOM1000,14498.296,14498.296,14493.987,14493.987,1775180100,2026-04-03T03:35:00
BOOM1000,14493.96,14493.96,14489.711,14489.711,1775180400,2026-04-03T03:40:00
BOOM1000,14489.7,14489.7,14485.382,14485.382,1775180700,2026-04-03T03:45:00
BOOM1000,14485.378,14485.378,14480.923,14480.923,1775181000,2026-04-03T03:50:00
BOOM1000,14480.902,14480.902,14476.624,14476.624,1775181300,2026-04-03T03:55:00
BOOM1000,14476.608,14476.608,14472.613,14472.613,1775181600,2026-04-03T04:00:00
BOOM1000,14472.594,14472.594,14468.236,14468.236,1775181900,2026-04-03T04:05:00
BOOM1000,14468.205,14468.205,14463.639,14463.639,1775182200,2026-04-03T04:10:00
BOOM1000,14463.625,14463.625,14459.222,14459.222,1775182500,2026-04-03T04:15:00
BOOM1000,14459.222,14459.222,14454.765,14454.765,1775182800,2026-04-03T04:20:00
BOOM1000,14454.735,14454.735,14450.729,14450.729,1775183100,2026-04-03T04:25:00
BOOM1000,14450.714,14470.036,14449.875,14466.5,1775183400,2026-04-03T04:30:00
BOOM1000,14466.491,14466.491,14461.91,14461.91,1775183700,2026-04-03T04:35:00
BOOM1000,14461.897,14475.965,14460.209,14473.638,1775184000,2026-04-03T04:40:00
BOOM1000,14473.632,14473.632,14469.073,14469.073,1775184300,2026-04-03T04:45:00
BOOM1000,14469.055,14469.055,14464.498,14464.498,1775184600,2026-04-03T04:50:00
BOOM1000,14464.473,14464.473,14460.186,14460.186,1775184900,2026-04-03T04:55:00
BOOM1000,14460.157,14470.799,14457.92,14468.747,1775185200,2026-04-03T05:00:00
BOOM1000,14468.732,14468.732,14464.207,14464.207,1775185500,2026-04-03T05:05:00
BOOM1000,14464.19,14464.19,14459.783,14459.783,1775185800,2026-04-03T05:10:00
BOOM1000,14459.773,14459.773,14455.543,14455.543,1775186100,2026-04-03T05:15:00
BOOM1000,14455.521,14455.521,14451.079,14451.079,1775186400,2026-04-03T05:20:00
BOOM1000,14451.064,14451.064,14446.944,14446.944,1775186700,2026-04-03T05:25:00
BOOM1000,14446.936,14459.242,14446.879,14457.665,1775187000,2026-04-03T05:30:00
BOOM1000,14457.656,14457.656,14453.329,14453.329,1775187300,2026-04-03T05:35:00
BOOM1000,14453.317,14453.317,14448.984,14448.984,1775187600,2026-04-03T05:40:00
BOOM1000,14448.974,14448.974,14444.787,14444.787,1775187900,2026-04-03T05:45:00
BOOM1000,14444.771,14474.863,14441.378,14474.022,1775188200,2026-04-03T05:50:00
BOOM1000,14474.021,14474.021,14469.462,14469.462,1775188500,2026-04-03T05:55:00
BOOM1000,14469.451,14469.451,14465.263,14465.263,1775188800,2026-04-03T06:00:00
BOOM1000,14465.233,14465.233,14461.014,14461.014,1775189100,2026-04-03T06:05:00
BOOM1000,14460.993,14460.993,14456.576,14456.576,1775189400,2026-04-03T06:10:00
BOOM1000,14456.547,14456.547,14452.233,14452.233,1775189700,2026-04-03T06:15:00
BOOM1000,14452.224,14452.224,14448.133,14448.133,1775190000,2026-04-03T06:20:00
BOOM1000,14448.124,14455.891,14447.502,14452.175,1775190300,2026-04-03T06:25:00
BOOM1000,14452.145,14452.145,14447.733,14447.733,1775190600,2026-04-03T06:30:00
BOOM1000,14447.721,14447.721,14443.45,14443.45,1775190900,2026-04-03T06:35:00
BOOM1000,14443.41,14470.382,14440.784,14469.131,1775191200,2026-04-03T06:40:00
BOOM1000,14469.101,14469.101,14465.042,14465.042,1775191500,2026-04-03T06:45:00
BOOM1000,14465.031,14465.031,14460.533,14460.533,1775191800,2026-04-03T06:50:00
BOOM1000,14460.517,14479.115,14457.684,14477.609,1775192100,2026-04-03T06:55:00
BOOM1000,14477.595,14477.595,14473.148,14473.148,1775192400,2026-04-03T07:00:00
BOOM1000,14473.126,14473.126,14468.779,14468.779,1775192700,2026-04-03T07:05:00
BOOM1000,14468.748,14468.748,14464.737,14464.737,1775193000,2026-04-03T07:10:00
BOOM1000,14464.736,14464.736,14460.315,14460.315,1775193300,2026-04-03T07:15:00
BOOM1000,14460.314,14460.314,14455.817,14455.817,1775193600,2026-04-03T07:20:00
BOOM1000,14455.807,14455.807,14451.433,14451.433,1775193900,2026-04-03T07:25:00
BOOM1000,14451.427,14451.427,14447.239,14447.239,1775194200,2026-04-03T07:30:00
BOOM1000,14447.23,14447.23,14442.867,14442.867,1775194500,2026-04-03T07:35:00
BOOM1000,14442.851,14442.851,14438.345,14438.345,1775194800,2026-04-03T07:40:00
BOOM1000,14438.328,14438.328,14433.839,14433.839,1775195100,2026-04-03T07:45:00
BOOM1000,14433.831,14433.831,14429.798,14429.798,1775195400,2026-04-03T07:50:00
BOOM1000,14429.784,14430.248,14426.383,14429.456,1775195700,2026-04-03T07:55:00
BOOM1000,14429.455,14429.455,14424.72,14424.72,1775196000,2026-04-03T08:00:00
BOOM1000,14424.701,14426.183,14423.188,14423.581,1775196300,2026-04-03T08:05:00
BOOM1000,14423.576,14423.576,14419.136,14419.136,1775196600,2026-04-03T08:10:00
BOOM1000,14419.132,14419.132,14415.104,14415.104,1775196900,2026-04-03T08:15:00
BOOM1000,14415.093,14415.417,14411.602,14411.602,1775197200,2026-04-03T08:20:00
BOOM1000,14411.597,14411.597,14407.609,14407.609,1775197500,2026-04-03T08:25:00
BOOM1000,14407.594,14407.594,14403.241,14403.241,1775197800,2026-04-03T08:30:00
BOOM1000,14403.228,14410.402,14401.049,14408.573,1775198100,2026-04-03T08:35:00
BOOM1000,14408.553,14433.917,14406.47,14431.571,1775198400,2026-04-03T08:40:00
BOOM1000,14431.567,14431.567,14427.278,14427.278,1775198700,2026-04-03T08:45:00
BOOM1000,14427.268,14427.268,14423.131,14423.131,1775199000,2026-04-03T08:50:00
BOOM1000,14423.117,14423.117,14418.456,14418.456,1775199300,2026-04-03T08:55:00
BOOM1000,14418.455,14449.275,14417.53,14445.53,1775199600,2026-04-03T09:00:00
BOOM1000,14445.512,14451.958,14443.723,14449.686,1775199900,2026-04-03T09:05:00
BOOM1000,14449.675,14449.675,14445.474,14445.474,1775200200,2026-04-03T09:10:00
BOOM1000,14445.451,14445.451,14441.163,14441.163,1775200500,2026-04-03T09:15:00
BOOM1000,14441.151,14441.151,14436.479,14436.479,1775200800,2026-04-03T09:20:00
BOOM1000,14436.478,14436.478,14432.022,14432.022,1775201100,2026-04-03T09:25:00
BOOM1000,14432.009,14432.375,14429.677,14431.539,1775201400,2026-04-03T09:30:00
BOOM1000,14431.535,14431.535,14427.302,14427.302,1775201700,2026-04-03T09:35:00
BOOM1000,14427.297,14427.297,14422.997,14422.997,1775202000,2026-04-03T09:40:00
BOOM1000,14422.991,14435.249,14421.715,14432.131,1775202300,2026-04-03T09:45:00
BOOM1000,14432.123,14432.123,14427.903,14427.903,1775202600,2026-04-03T09:50:00
BOOM1000,14427.892,14427.892,14423.389,14423.389,1775202900,2026-04-03T09:55:00
BOOM1000,14423.383,14450.229,14422.699,14446.444,1775203200,2026-04-03T10:00:00
BOOM1000,14446.435,14465.003,14445.057,14461.85,1775203500,2026-04-03T10:05:00
BOOM1000,14461.845,14461.845,14457.631,14457.631,1775203800,2026-04-03T10:10:00
BOOM1000,14457.615,14457.615,14453.294,14453.294,1775204100,2026-04-03T10:15:00
BOOM1000,14453.277,14453.277,14449.087,14449.087,1775204400,2026-04-03T10:20:00
BOOM1000,14449.082,14470.333,14447.402,14467.782,1775204700,2026-04-03T10:25:00
BOOM1000,14467.776,14467.776,14463.642,14463.642,1775205000,2026-04-03T10:30:00
BOOM1000,14463.622,14463.622,14459.328,14459.328,1775205300,2026-04-03T10:35:00
BOOM1000,14459.319,14459.319,14455.042,14455.042,1775205600,2026-04-03T10:40:00
BOOM1000,14455.026,14455.026,14450.582,14450.582,1775205900,2026-04-03T10:45:00
BOOM1000,14450.562,14450.562,14446.362,14446.362,1775206200,2026-04-03T10:50:00
BOOM1000,14446.34,14477.927,14443.438,14476.414,1775206500,2026-04-03T10:55:00
BOOM1000,14476.391,14476.391,14472.003,14472.003,1775206800,2026-04-03T11:00:00
BOOM1000,14471.984,14471.984,14471.984,14471.984,1775207100,2026-04-03T11:05:00
CRASH1000,5485.972,5486.575,5470.59,5471.652,1775207400,2026-04-03T11:10:00
CRASH1000,5471.658,5473.189,5469.808,5469.971,1775207700,2026-04-03T11:15:00
CRASH1000,5469.982,5471.749,5469.982,5471.749,1775208000,2026-04-03T11:20:00
CRASH1000,5471.757,5473.374,5471.757,5473.374,1775208300,2026-04-03T11:25:00
CRASH1000,5473.375,5474.987,5473.375,5474.987,1775208600,2026-04-03T11:30:00
CRASH1000,5474.989,5476.586,5474.989,5476.586,1775208900,2026-04-03T11:35:00
CRASH1000,5476.595,5478.225,5476.595,5478.225,1775209200,2026-04-03T11:40:00
CRASH1000,5478.226,5479.909,5478.226,5479.909,1775209500,2026-04-03T11:45:00
CRASH1000,5479.915,5481.667,5479.915,5481.667,1775209800,2026-04-03T11:50:00
CRASH1000,5481.678,5483.494,5481.678,5483.494,1775210100,2026-04-03T11:55:00
CRASH1000,5483.505,5485.209,5483.505,5485.209,1775210400,2026-04-03T12:00:00
CRASH1000,5485.216,5486.577,5476.575,5476.833,1775210700,2026-04-03T12:05:00
CRASH1000,5476.84,5476.879,5469.561,5471.229,1775211000,2026-04-03T12:10:00
CRASH1000,5471.233,5472.826,5471.233,5472.826,1775211300,2026-04-03T12:15:00
CRASH1000,5472.827,5474.446,5472.827,5474.446,1775211600,2026-04-03T12:20:00
CRASH1000,5474.456,5475.33,5470.404,5471.094,1775211900,2026-04-03T12:25:00
CRASH1000,5471.096,5472.815,5471.096,5472.815,1775212200,2026-04-03T12:30:00
CRASH1000,5472.823,5474.086,5467.598,5467.926,1775212500,2026-04-03T12:35:00
CRASH1000,5467.929,5469.605,5467.929,5469.605,1775212800,2026-04-03T12:40:00
CRASH1000,5469.614,5471.28,5469.614,5471.28,1775213100,2026-04-03T12:45:00
CRASH1000,5471.287,5472.932,5471.287,5472.932,1775213400,2026-04-03T12:50:00
CRASH1000,5472.937,5474.594,5472.937,5474.594,1775213700,2026-04-03T12:55:00
CRASH1000,5474.605,5476.208,5474.605,5476.208,1775214000,2026-04-03T13:00:00
CRASH1000,5476.211,5477.885,5476.211,5477.885,1775214300,2026-04-03T13:05:00
CRASH1000,5477.898,5479.548,5477.898,5479.548,1775214600,2026-04-03T13:10:00
CRASH1000,5479.55,5481.23,5479.55,5481.23,1775214900,2026-04-03T13:15:00
CRASH1000,5481.231,5481.787,5475.1,5476.201,1775215200,2026-04-03T13:20:00
CRASH1000,5476.203,5476.285,5471.328,5472.857,1775215500,2026-04-03T13:25:00
CRASH1000,5472.866,5474.474,5472.866,5474.474,1775215800,2026-04-03T13:30:00
CRASH1000,5474.479,5476.153,5474.479,5476.153,1775216100,2026-04-03T13:35:00
CRASH1000,5476.154,5477.53,5476.154,5477.53,1775216400,2026-04-03T13:40:00
CRASH1000,5477.532,5479.131,5477.532,5479.131,1775216700,2026-04-03T13:45:00
CRASH1000,5479.146,5480.78,5479.146,5480.78,1775217000,2026-04-03T13:50:00
CRASH1000,5480.781,5482.386,5480.781,5482.386,1775217300,2026-04-03T13:55:00
CRASH1000,5482.392,5483.99,5482.392,5483.99,1775217600,2026-04-03T14:00:00
CRASH1000,5483.995,5485.625,5483.995,5485.625,1775217900,2026-04-03T14:05:00
CRASH1000,5485.629,5487.269,5485.629,5487.269,1775218200,2026-04-03T14:10:00
CRASH1000,5487.278,5488.957,5487.278,5488.957,1775218500,2026-04-03T14:15:00
CRASH1000,5488.963,5490.617,5488.963,5490.617,1775218800,2026-04-03T14:20:00
CRASH1000,5490.626,5492.206,5490.626,5492.206,1775219100,2026-04-03T14:25:00
CRASH1000,5492.209,5493.182,5486.633,5487.366,1775219400,2026-04-03T14:30:00
CRASH1000,5487.387,5488.783,5486.203,5486.476,1775219700,2026-04-03T14:35:00
CRASH1000,5486.479,5488.13,5486.479,5488.13,1775220000,2026-04-03T14:40:00
CRASH1000,5488.134,5489.754,5488.134,5489.754,1775220300,2026-04-03T14:45:00
CRASH1000,5489.757,5491.355,5489.757,5491.355,1775220600,2026-04-03T14:50:00
CRASH1000,5491.362,5493.024,5491.362,5493.024,1775220900,2026-04-03T14:55:00
CRASH1000,5493.028,5494.704,5493.028,5494.704,1775221200,2026-04-03T15:00:00
CRASH1000,5494.711,5496.277,5494.711,5496.277,1775221500,2026-04-03T15:05:00
CRASH1000,5496.282,5496.435,5492.656,5493.55,1775221800,2026-04-03T15:10:00
CRASH1000,5493.554,5495.294,5493.554,5495.294,1775222100,2026-04-03T15:15:00
CRASH1000,5495.3,5496.992,5495.3,5496.992,1775222400,2026-04-03T15:20:00
CRASH1000,5496.995,5497.99,5494.47,5495.111,1775222700,2026-04-03T15:25:00
CRASH1000,5495.119,5496.715,5495.119,5496.715,1775223000,2026-04-03T15:30:00
CRASH1000,5496.73,5498.373,5496.73,5498.373,1775223300,2026-04-03T15:35:00
CRASH1000,5498.374,5498.587,5490.073,5491.542,1775223600,2026-04-03T15:40:00
CRASH1000,5491.544,5493.236,5491.544,5493.236,1775223900,2026-04-03T15:45:00
CRASH1000,5493.238,5494.874,5493.238,5494.874,1775224200,2026-04-03T15:50:00
CRASH1000,5494.882,5496.637,5494.882,5496.637,1775224500,2026-04-03T15:55:00
CRASH1000,5496.639,5498.238,5496.639,5498.238,1775224800,2026-04-03T16:00:00
CRASH1000,5498.244,5499.902,5498.244,5499.902,1775225100,2026-04-03T16:05:00
CRASH1000,5499.905,5501.624,5499.905,5501.624,1775225400,2026-04-03T16:10:00
CRASH1000,5501.633,5501.633,5501.633,5501.633,1775225700,2026-04-03T16:15:00
BOOM1000,14467.661,14467.661,14463.102,14463.102,1775207400,2026-04-03T11:10:00
BOOM1000,14463.082,14463.082,14458.751,14458.751,1775207700,2026-04-03T11:15:00
BOOM1000,14458.744,14458.744,14454.094,14454.094,1775208000,2026-04-03T11:20:00
BOOM1000,14454.072,14454.072,14449.364,14449.364,1775208300,2026-04-03T11:25:00
BOOM1000,14449.362,14449.362,14444.779,14444.779,1775208600,2026-04-03T11:30:00
BOOM1000,14444.758,14444.758,14440.38,14440.38,1775208900,2026-04-03T11:35:00
BOOM1000,14440.367,14440.367,14436.002,14436.002,1775209200,2026-04-03T11:40:00
BOOM1000,14435.994,14435.994,14431.76,14431.76,1775209500,2026-04-03T11:45:00
BOOM1000,14431.755,14431.755,14427.479,14427.479,1775209800,2026-04-03T11:50:00
BOOM1000,14427.441,14433.024,14425.063,14431.368,1775210100,2026-04-03T11:55:00
BOOM1000,14431.345,14431.345,14427.233,14427.233,1775210400,2026-04-03T12:00:00
BOOM1000,14427.206,14427.206,14422.873,14422.873,1775210700,2026-04-03T12:05:00
BOOM1000,14422.86,14453.702,14422.028,14452.806,1775211000,2026-04-03T12:10:00
BOOM1000,14452.802,14452.802,14448.482,14448.482,1775211300,2026-04-03T12:15:00
BOOM1000,14448.472,14529.122,14447.295,14528.48,1775211600,2026-04-03T12:20:00
BOOM1000,14528.479,14528.479,14524.201,14524.201,1775211900,2026-04-03T12:25:00
BOOM1000,14524.188,14533.805,14521.376,14532.261,1775212200,2026-04-03T12:30:00
BOOM1000,14532.236,14532.236,14527.792,14527.792,1775212500,2026-04-03T12:35:00
BOOM1000,14527.773,14527.773,14523.335,14523.335,1775212800,2026-04-03T12:40:00
BOOM1000,14523.322,14523.322,14518.768,14518.768,1775213100,2026-04-03T12:45:00
BOOM1000,14518.755,14533.028,14517.546,14529.938,1775213400,2026-04-03T12:50:00
BOOM1000,14529.918,14529.918,14525.269,14525.269,1775213700,2026-04-03T12:55:00
BOOM1000,14525.262,14525.262,14520.84,14520.84,1775214000,2026-04-03T13:00:00
BOOM1000,14520.815,14520.815,14516.515,14516.515,1775214300,2026-04-03T13:05:00
BOOM1000,14516.506,14516.506,14512.28,14512.28,1775214600,2026-04-03T13:10:00
BOOM1000,14512.264,14512.264,14507.78,14507.78,1775214900,2026-04-03T13:15:00
BOOM1000,14507.757,14507.757,14503.297,14503.297,1775215200,2026-04-03T13:20:00
BOOM1000,14503.272,14516.782,14499.707,14515.771,1775215500,2026-04-03T13:25:00
BOOM1000,14515.767,14515.767,14511.002,14511.002,1775215800,2026-04-03T13:30:00
BOOM1000,14510.99,14510.99,14506.605,14506.605,1775216100,2026-04-03T13:35:00
BOOM1000,14506.595,14506.595,14502.165,14502.165,1775216400,2026-04-03T13:40:00
BOOM1000,14502.148,14502.148,14497.867,14497.867,1775216700,2026-04-03T13:45:00
BOOM1000,14497.863,14497.863,14493.451,14493.451,1775217000,2026-04-03T13:50:00
BOOM1000,14493.418,14493.418,14489.074,14489.074,1775217300,2026-04-03T13:55:00
BOOM1000,14489.045,14489.045,14484.842,14484.842,1775217600,2026-04-03T14:00:00
BOOM1000,14484.809,14484.809,14480.622,14480.622,1775217900,2026-04-03T14:05:00
BOOM1000,14480.609,14480.609,14476.226,14476.226,1775218200,2026-04-03T14:10:00
BOOM1000,14476.225,14476.225,14471.738,14471.738,1775218500,2026-04-03T14:15:00
BOOM1000,14471.733,14504.84,14470.257,14504.447,1775218800,2026-04-03T14:20:00
BOOM1000,14504.438,14504.438,14500.112,14500.112,1775219100,2026-04-03T14:25:00
BOOM1000,14500.088,14500.088,14495.844,14495.844,1775219400,2026-04-03T14:30:00
BOOM1000,14495.836,14500.235,14492.845,14498.808,1775219700,2026-04-03T14:35:00
BOOM1000,14498.786,14498.786,14494.493,14494.493,1775220000,2026-04-03T14:40:00
BOOM1000,14494.489,14499.931,14490.982,14498.976,1775220300,2026-04-03T14:45:00
BOOM1000,14498.95,14536.677,14497.89,14534.044,1775220600,2026-04-03T14:50:00
BOOM1000,14534.031,14534.031,14529.832,14529.832,1775220900,2026-04-03T14:55:00
BOOM1000,14529.83,14529.83,14525.487,14525.487,1775221200,2026-04-03T15:00:00
BOOM1000,14525.484,14529.545,14525.355,14525.38,1775221500,2026-04-03T15:05:00
BOOM1000,14525.365,14525.365,14521.121,14521.121,1775221800,2026-04-03T15:10:00
BOOM1000,14521.107,14521.107,14516.552,14516.552,1775222100,2026-04-03T15:15:00
BOOM1000,14516.549,14516.549,14512.232,14512.232,1775222400,2026-04-03T15:20:00
BOOM1000,14512.228,14512.228,14507.648,14507.648,1775222700,2026-04-03T15:25:00
BOOM1000,14507.622,14528.62,14504.794,14526.818,1775223000,2026-04-03T15:30:00
BOOM1000,14526.789,14526.789,14522.197,14522.197,1775223300,2026-04-03T15:35:00
BOOM1000,14522.191,14548.831,14519.604,14546.709,1775223600,2026-04-03T15:40:00
BOOM1000,14546.707,14564.47,14545.543,14561.152,1775223900,2026-04-03T15:45:00
BOOM1000,14561.149,14561.149,14556.897,14556.897,1775224200,2026-04-03T15:50:00
BOOM1000,14556.867,14556.867,14552.433,14552.433,1775224500,2026-04-03T15:55:00
BOOM1000,14552.406,14552.406,14548.15,14548.15,1775224800,2026-04-03T16:00:00
BOOM1000,14548.144,14548.144,14543.525,14543.525,1775225100,2026-04-03T16:05:00
BOOM1000,14543.51,14543.51,14539.142,14539.142,1775225400,2026-04-03T16:10:00
BOOM1000,14539.136,14539.136,14539.136,14539.136,1775225700,2026-04-03T16:15:00
CRASH1000,5505.046,5505.072,5505.046,5505.072,1775226000,2026-04-03T16:20:00
BOOM1000,14530.709,14530.709,14530.606,14530.606,1775226000,2026-04-03T16:20:00
CRASH1000,5505.077,5506.694,5505.077,5506.694,1775226300,2026-04-03T16:25:00
BOOM1000,14530.587,14530.587,14526.247,14526.247,1775226300,2026-04-03T16:25:00
CRASH1000,5505.859,5506.694,5505.859,5506.694,1775226300,2026-04-03T16:25:00
BOOM1000,14528.569,14528.569,14526.247,14526.247,1775226300,2026-04-03T16:25:00
CRASH1000,5507.795,5508.428,5507.795,5508.428,1775226600,2026-04-03T16:30:00
BOOM1000,14523.919,14523.919,14522.225,14522.225,1775226600,2026-04-03T16:30:00
CRASH1000,5506.785,5508.428,5506.785,5508.428,1775226600,2026-04-03T16:30:00
BOOM1000,14526.093,14526.093,14522.225,14522.225,1775226600,2026-04-03T16:30:00
CRASH1000,5508.427,5508.428,5508.427,5508.428,1775226600,2026-04-03T16:30:00
CRASH1000,5506.702,5508.428,5506.702,5508.428,1775226600,2026-04-03T16:30:00
BOOM1000,14522.249,14522.249,14522.225,14522.225,1775226600,2026-04-03T16:30:00
BOOM1000,14526.228,14526.228,14522.225,14522.225,1775226600,2026-04-03T16:30:00
CRASH1000,5506.702,5508.428,5506.702,5508.428,1775226600,2026-04-03T16:30:00
BOOM1000,14526.228,14526.228,14522.225,14522.225,1775226600,2026-04-03T16:30:00
BOOM1000,14522.219,14522.219,14518.237,14518.237,1775226900,2026-04-03T16:35:00
CRASH1000,5508.438,5509.983,5508.438,5509.983,1775226900,2026-04-03T16:35:00
BOOM1000,14522.219,14522.219,14518.237,14518.237,1775226900,2026-04-03T16:35:00
BOOM1000,14522.219,14522.219,14518.237,14518.237,1775226900,2026-04-03T16:35:00
CRASH1000,5508.438,5509.983,5508.438,5509.983,1775226900,2026-04-03T16:35:00
CRASH1000,5508.438,5509.983,5508.438,5509.983,1775226900,2026-04-03T16:35:00
BOOM1000,14522.219,14522.219,14518.237,14518.237,1775226900,2026-04-03T16:35:00
CRASH1000,5508.438,5509.983,5508.438,5509.983,1775226900,2026-04-03T16:35:00
BOOM1000,14520.662,14520.662,14518.237,14518.237,1775226900,2026-04-03T16:35:00
BOOM1000,14522.219,14522.219,14518.237,14518.237,1775226900,2026-04-03T16:35:00
CRASH1000,5509.229,5509.983,5509.229,5509.983,1775226900,2026-04-03T16:35:00
CRASH1000,5508.438,5509.983,5508.438,5509.983,1775226900,2026-04-03T16:35:00
CRASH1000,5509.992,5511.577,5509.992,5511.577,1775227200,2026-04-03T16:40:00
BOOM1000,14518.212,14518.212,14513.88,14513.88,1775227200,2026-04-03T16:40:00
CRASH1000,5511.542,5511.955,5511.542,5511.955,1775227500,2026-04-03T16:45:00
BOOM1000,14510.606,14510.606,14509.577,14509.577,1775227500,2026-04-03T16:45:00
BOOM1000,14508.872,14508.872,14505.181,14505.181,1775227800,2026-04-03T16:50:00
BOOM1000,14507.139,14507.139,14505.181,14505.181,1775227800,2026-04-03T16:50:00
CRASH1000,5512.236,5513.117,5507.918,5508.354,1775227800,2026-04-03T16:50:00
CRASH1000,5512.803,5513.117,5507.918,5508.354,1775227800,2026-04-03T16:50:00
BOOM1000,14509.57,14509.57,14505.181,14505.181,1775227800,2026-04-03T16:50:00
CRASH1000,5511.965,5513.117,5507.918,5508.354,1775227800,2026-04-03T16:50:00
BOOM1000,14505.174,14505.174,14500.679,14500.679,1775228100,2026-04-03T16:55:00
CRASH1000,5508.361,5508.866,5500.049,5501.263,1775228100,2026-04-03T16:55:00
BOOM1000,14504.646,14504.646,14500.679,14500.679,1775228100,2026-04-03T16:55:00
CRASH1000,5508.548,5508.866,5500.049,5501.263,1775228100,2026-04-03T16:55:00
BOOM1000,14505.174,14505.174,14500.679,14500.679,1775228100,2026-04-03T16:55:00
BOOM1000,14503.294,14503.294,14500.679,14500.679,1775228100,2026-04-03T16:55:00
CRASH1000,5500.254,5501.263,5500.254,5501.263,1775228100,2026-04-03T16:55:00
CRASH1000,5508.361,5508.866,5500.049,5501.263,1775228100,2026-04-03T16:55:00
BOOM1000,14501.051,14501.051,14500.679,14500.679,1775228100,2026-04-03T16:55:00
BOOM1000,14505.174,14505.174,14500.679,14500.679,1775228100,2026-04-03T16:55:00
CRASH1000,5501.147,5501.263,5501.147,5501.263,1775228100,2026-04-03T16:55:00
CRASH1000,5508.361,5508.866,5500.049,5501.263,1775228100,2026-04-03T16:55:00
BOOM1000,14500.675,14500.675,14496.165,14496.165,1775228400,2026-04-03T17:00:00
CRASH1000,5501.27,5502.84,5501.27,5502.84,1775228400,2026-04-03T17:00:00
BOOM1000,14500.675,14500.675,14496.165,14496.165,1775228400,2026-04-03T17:00:00
BOOM1000,14500.675,14500.675,14496.165,14496.165,1775228400,2026-04-03T17:00:00
BOOM1000,14500.675,14500.675,14496.165,14496.165,1775228400,2026-04-03T17:00:00
CRASH1000,5501.27,5502.84,5501.27,5502.84,1775228400,2026-04-03T17:00:00
CRASH1000,5501.27,5502.84,5501.27,5502.84,1775228400,2026-04-03T17:00:00
BOOM1000,14500.675,14500.675,14496.165,14496.165,1775228400,2026-04-03T17:00:00
BOOM1000,14500.675,14500.675,14496.165,14496.165,1775228400,2026-04-03T17:00:00
CRASH1000,5501.27,5502.84,5501.27,5502.84,1775228400,2026-04-03T17:00:00
CRASH1000,5501.27,5502.84,5501.27,5502.84,1775228400,2026-04-03T17:00:00
CRASH1000,5501.27,5502.84,5501.27,5502.84,1775228400,2026-04-03T17:00:00
BOOM1000,14497.461,14497.461,14496.165,14496.165,1775228400,2026-04-03T17:00:00
CRASH1000,5502.403,5502.84,5502.403,5502.84,1775228400,2026-04-03T17:00:00
BOOM1000,14498.889,14498.889,14496.165,14496.165,1775228400,2026-04-03T17:00:00
CRASH1000,5501.857,5502.84,5501.857,5502.84,1775228400,2026-04-03T17:00:00
CRASH1000,5502.841,5504.385,5502.841,5504.385,1775228700,2026-04-03T17:05:00
BOOM1000,14496.15,14496.15,14491.321,14491.321,1775228700,2026-04-03T17:05:00
CRASH1000,5503.779,5504.385,5503.779,5504.385,1775228700,2026-04-03T17:05:00
BOOM1000,14493.223,14493.223,14491.321,14491.321,1775228700,2026-04-03T17:05:00
CRASH1000,5502.841,5504.385,5502.841,5504.385,1775228700,2026-04-03T17:05:00
BOOM1000,14496.15,14496.15,14491.321,14491.321,1775228700,2026-04-03T17:05:00
CRASH1000,5503.045,5504.385,5503.045,5504.385,1775228700,2026-04-03T17:05:00
BOOM1000,14495.589,14495.589,14491.321,14491.321,1775228700,2026-04-03T17:05:00
CRASH1000,5502.841,5504.385,5502.841,5504.385,1775228700,2026-04-03T17:05:00
BOOM1000,14496.15,14496.15,14491.321,14491.321,1775228700,2026-04-03T17:05:00
CRASH1000,5502.841,5504.385,5502.841,5504.385,1775228700,2026-04-03T17:05:00
BOOM1000,14496.15,14496.15,14491.321,14491.321,1775228700,2026-04-03T17:05:00
CRASH1000,5502.841,5504.385,5502.841,5504.385,1775228700,2026-04-03T17:05:00
CRASH1000,5504.315,5504.385,5504.315,5504.385,1775228700,2026-04-03T17:05:00
BOOM1000,14491.547,14491.547,14491.321,14491.321,1775228700,2026-04-03T17:05:00
BOOM1000,14496.15,14496.15,14491.321,14491.321,1775228700,2026-04-03T17:05:00
CRASH1000,5502.841,5504.385,5502.841,5504.385,1775228700,2026-04-03T17:05:00
BOOM1000,14496.15,14496.15,14491.321,14491.321,1775228700,2026-04-03T17:05:00
CRASH1000,5502.841,5504.385,5502.841,5504.385,1775228700,2026-04-03T17:05:00
BOOM1000,14496.15,14496.15,14491.321,14491.321,1775228700,2026-04-03T17:05:00
CRASH1000,5502.841,5504.385,5502.841,5504.385,1775228700,2026-04-03T17:05:00
BOOM1000,14496.15,14496.15,14491.321,14491.321,1775228700,2026-04-03T17:05:00
BOOM1000,14491.312,14491.312,14487.059,14487.059,1775229000,2026-04-03T17:10:00
BOOM1000,14491.312,14491.312,14487.059,14487.059,1775229000,2026-04-03T17:10:00
CRASH1000,5504.392,5505.985,5504.392,5505.985,1775229000,2026-04-03T17:10:00
CRASH1000,5504.392,5505.985,5504.392,5505.985,1775229000,2026-04-03T17:10:00
BOOM1000,14491.312,14491.312,14487.059,14487.059,1775229000,2026-04-03T17:10:00
BOOM1000,14491.312,14491.312,14487.059,14487.059,1775229000,2026-04-03T17:10:00
CRASH1000,5504.392,5505.985,5504.392,5505.985,1775229000,2026-04-03T17:10:00
CRASH1000,5504.392,5505.985,5504.392,5505.985,1775229000,2026-04-03T17:10:00
BOOM1000,14491.312,14491.312,14487.059,14487.059,1775229000,2026-04-03T17:10:00
BOOM1000,14491.312,14491.312,14487.059,14487.059,1775229000,2026-04-03T17:10:00
CRASH1000,5504.392,5505.985,5504.392,5505.985,1775229000,2026-04-03T17:10:00
CRASH1000,5504.392,5505.985,5504.392,5505.985,1775229000,2026-04-03T17:10:00
BOOM1000,14487.947,14487.947,14487.059,14487.059,1775229000,2026-04-03T17:10:00
BOOM1000,14491.312,14491.312,14487.059,14487.059,1775229000,2026-04-03T17:10:00
CRASH1000,5505.652,5505.985,5505.652,5505.985,1775229000,2026-04-03T17:10:00
CRASH1000,5504.392,5505.985,5504.392,5505.985,1775229000,2026-04-03T17:10:00
BOOM1000,14491.312,14491.312,14487.059,14487.059,1775229000,2026-04-03T17:10:00
CRASH1000,5504.392,5505.985,5504.392,5505.985,1775229000,2026-04-03T17:10:00
BOOM1000,14491.312,14491.312,14487.059,14487.059,1775229000,2026-04-03T17:10:00
CRASH1000,5504.392,5505.985,5504.392,5505.985,1775229000,2026-04-03T17:10:00
BOOM1000,14489.874,14489.874,14487.059,14487.059,1775229000,2026-04-03T17:10:00
CRASH1000,5504.912,5505.985,5504.912,5505.985,1775229000,2026-04-03T17:10:00
BOOM1000,14491.312,14491.312,14487.059,14487.059,1775229000,2026-04-03T17:10:00
CRASH1000,5504.392,5505.985,5504.392,5505.985,1775229000,2026-04-03T17:10:00
BOOM1000,14491.312,14491.312,14487.059,14487.059,1775229000,2026-04-03T17:10:00
CRASH1000,5504.392,5505.985,5504.392,5505.985,1775229000,2026-04-03T17:10:00
CRASH1000,5502.762,5504.016,5502.762,5504.016,1775229600,2026-04-03T17:20:00
CRASH1000,5503.432,5504.016,5503.432,5504.016,1775229600,2026-04-03T17:20:00
BOOM1000,14481.452,14481.452,14478.1,14478.1,1775229600,2026-04-03T17:20:00
BOOM1000,14479.714,14479.714,14478.1,14478.1,1775229600,2026-04-03T17:20:00
CRASH1000,5505.109,5505.658,5505.109,5505.658,1775229900,2026-04-03T17:25:00
CRASH1000,5504.017,5505.658,5504.017,5505.658,1775229900,2026-04-03T17:25:00
BOOM1000,14478.067,14478.067,14473.941,14473.941,1775229900,2026-04-03T17:25:00
CRASH1000,5504.308,5505.658,5504.308,5505.658,1775229900,2026-04-03T17:25:00
CRASH1000,5504.017,5505.658,5504.017,5505.658,1775229900,2026-04-03T17:25:00
BOOM1000,14475.467,14475.467,14473.941,14473.941,1775229900,2026-04-03T17:25:00
BOOM1000,14478.067,14478.067,14473.941,14473.941,1775229900,2026-04-03T17:25:00
CRASH1000,5505.489,5505.658,5505.489,5505.658,1775229900,2026-04-03T17:25:00
BOOM1000,14474.391,14474.391,14473.941,14473.941,1775229900,2026-04-03T17:25:00
BOOM1000,14477.339,14477.339,14473.941,14473.941,1775229900,2026-04-03T17:25:00
BOOM1000,14473.939,14473.939,14469.565,14469.565,1775230200,2026-04-03T17:30:00
BOOM1000,14469.538,14504.51,14467.515,14503.85,1775230500,2026-04-03T17:35:00
BOOM1000,14503.838,14503.838,14499.351,14499.351,1775230800,2026-04-03T17:40:00
BOOM1000,14499.347,14505.046,14497.524,14502.56,1775231100,2026-04-03T17:45:00
BOOM1000,14502.548,14502.548,14498.205,14498.205,1775231400,2026-04-03T17:50:00
BOOM1000,14498.195,14498.195,14493.898,14493.898,1775231700,2026-04-03T17:55:00
BOOM1000,14493.886,14517.433,14492.262,14514.726,1775232000,2026-04-03T18:00:00
BOOM1000,14514.698,14544.891,14512.957,14542.138,1775232300,2026-04-03T18:05:00
BOOM1000,14542.118,14542.118,14537.611,14537.611,1775232600,2026-04-03T18:10:00
BOOM1000,14537.6,14537.6,14533.192,14533.192,1775232900,2026-04-03T18:15:00
BOOM1000,14533.159,14533.159,14528.982,14528.982,1775233200,2026-04-03T18:20:00
BOOM1000,14528.952,14528.952,14524.546,14524.546,1775233500,2026-04-03T18:25:00
BOOM1000,14524.534,14530.111,14524.251,14526.088,1775233800,2026-04-03T18:30:00
BOOM1000,14526.081,14526.081,14521.641,14521.641,1775234100,2026-04-03T18:35:00
BOOM1000,14521.633,14521.633,14517.33,14517.33,1775234400,2026-04-03T18:40:00
BOOM1000,14517.3,14517.664,14512.881,14517.595,1775234700,2026-04-03T18:45:00
BOOM1000,14517.588,14517.588,14513.948,14513.948,1775235000,2026-04-03T18:50:00
BOOM1000,14513.923,14513.923,14509.546,14509.546,1775235300,2026-04-03T18:55:00
BOOM1000,14509.534,14509.534,14505.256,14505.256,1775235600,2026-04-03T19:00:00
BOOM1000,14505.219,14505.219,14500.799,14500.799,1775235900,2026-04-03T19:05:00
BOOM1000,14500.782,14500.782,14496.544,14496.544,1775236200,2026-04-03T19:10:00
BOOM1000,14496.539,14496.539,14492.219,14492.219,1775236500,2026-04-03T19:15:00
BOOM1000,14492.197,14492.197,14487.71,14487.71,1775236800,2026-04-03T19:20:00
BOOM1000,14487.697,14487.697,14483.239,14483.239,1775237100,2026-04-03T19:25:00
BOOM1000,14483.234,14489.473,14480.344,14487.905,1775237400,2026-04-03T19:30:00
BOOM1000,14487.89,14487.89,14483.485,14483.485,1775237700,2026-04-03T19:35:00
BOOM1000,14483.481,14483.481,14479.07,14479.07,1775238000,2026-04-03T19:40:00
BOOM1000,14479.06,14479.928,14476.379,14478.421,1775238300,2026-04-03T19:45:00
BOOM1000,14478.405,14483.987,14476.106,14481.623,1775238600,2026-04-03T19:50:00
BOOM1000,14481.622,14503.006,14478.928,14501.423,1775238900,2026-04-03T19:55:00
BOOM1000,14501.41,14501.41,14497.159,14497.159,1775239200,2026-04-03T20:00:00
BOOM1000,14497.141,14497.141,14493.096,14493.096,1775239500,2026-04-03T20:05:00
BOOM1000,14493.09,14493.09,14488.884,14488.884,1775239800,2026-04-03T20:10:00
BOOM1000,14488.879,14488.879,14484.585,14484.585,1775240100,2026-04-03T20:15:00
BOOM1000,14484.567,14484.567,14480.151,14480.151,1775240400,2026-04-03T20:20:00
BOOM1000,14480.148,14480.148,14476.064,14476.064,1775240700,2026-04-03T20:25:00
BOOM1000,14476.063,14502.892,14472.598,14502.158,1775241000,2026-04-03T20:30:00
BOOM1000,14502.149,14502.149,14502.149,14502.149,1775241300,2026-04-03T20:35:00
CRASH1000,5505.666,5507.292,5505.666,5507.292,1775230200,2026-04-03T17:30:00
CRASH1000,5507.297,5508.901,5507.297,5508.901,1775230500,2026-04-03T17:35:00
CRASH1000,5508.905,5510.576,5508.905,5510.576,1775230800,2026-04-03T17:40:00
CRASH1000,5510.58,5512.15,5510.58,5512.15,1775231100,2026-04-03T17:45:00
CRASH1000,5512.155,5513.738,5512.155,5513.738,1775231400,2026-04-03T17:50:00
CRASH1000,5513.743,5513.779,5502.384,5503.932,1775231700,2026-04-03T17:55:00
CRASH1000,5503.936,5505.569,5503.936,5505.569,1775232000,2026-04-03T18:00:00
CRASH1000,5505.572,5507.164,5505.572,5507.164,1775232300,2026-04-03T18:05:00
CRASH1000,5507.165,5508.733,5507.165,5508.733,1775232600,2026-04-03T18:10:00
CRASH1000,5508.736,5510.304,5508.736,5510.304,1775232900,2026-04-03T18:15:00
CRASH1000,5510.31,5511.923,5510.31,5511.923,1775233200,2026-04-03T18:20:00
CRASH1000,5511.935,5513.499,5511.935,5513.499,1775233500,2026-04-03T18:25:00
CRASH1000,5513.499,5515.12,5513.499,5515.12,1775233800,2026-04-03T18:30:00
CRASH1000,5515.125,5516.798,5515.125,5516.798,1775234100,2026-04-03T18:35:00
CRASH1000,5516.801,5518.469,5516.801,5518.469,1775234400,2026-04-03T18:40:00
CRASH1000,5518.475,5520.163,5518.475,5520.163,1775234700,2026-04-03T18:45:00
CRASH1000,5520.173,5521.807,5520.173,5521.807,1775235000,2026-04-03T18:50:00
CRASH1000,5521.81,5523.498,5521.81,5523.498,1775235300,2026-04-03T18:55:00
CRASH1000,5523.502,5525.134,5523.502,5525.134,1775235600,2026-04-03T19:00:00
CRASH1000,5525.138,5526.92,5525.138,5526.92,1775235900,2026-04-03T19:05:00
CRASH1000,5526.922,5528.581,5526.922,5528.581,1775236200,2026-04-03T19:10:00
CRASH1000,5528.585,5530.191,5528.585,5530.191,1775236500,2026-04-03T19:15:00
CRASH1000,5530.192,5530.735,5517.631,5518.695,1775236800,2026-04-03T19:20:00
CRASH1000,5518.711,5520.427,5518.711,5520.427,1775237100,2026-04-03T19:25:00
CRASH1000,5520.427,5521.347,5510.967,5511.718,1775237400,2026-04-03T19:30:00
CRASH1000,5511.722,5513.537,5511.722,5513.537,1775237700,2026-04-03T19:35:00
CRASH1000,5513.542,5515.363,5513.542,5515.363,1775238000,2026-04-03T19:40:00
CRASH1000,5515.372,5516.642,5514.762,5515.153,1775238300,2026-04-03T19:45:00
CRASH1000,5515.153,5516.587,5511.957,5512.022,1775238600,2026-04-03T19:50:00
CRASH1000,5512.026,5513.259,5511.221,5511.746,1775238900,2026-04-03T19:55:00
CRASH1000,5511.755,5513.164,5504.813,5505.032,1775239200,2026-04-03T20:00:00
CRASH1000,5505.034,5505.538,5503.826,5505.025,1775239500,2026-04-03T20:05:00
CRASH1000,5505.041,5506.668,5505.041,5506.668,1775239800,2026-04-03T20:10:00
CRASH1000,5506.675,5506.916,5501.631,5503.097,1775240100,2026-04-03T20:15:00
CRASH1000,5503.1,5503.843,5502.059,5503.018,1775240400,2026-04-03T20:20:00
CRASH1000,5503.02,5504.67,5503.02,5504.67,1775240700,2026-04-03T20:25:00
CRASH1000,5504.679,5505.206,5500.1,5501.204,1775241000,2026-04-03T20:30:00
CRASH1000,5501.205,5501.205,5501.205,5501.205,1775241300,2026-04-03T20:35:00
BOOM1000,14494.878,14494.878,14493.635,14493.635,1775241600,2026-04-03T20:40:00
CRASH1000,5499.318,5499.701,5499.318,5499.701,1775241600,2026-04-03T20:40:00
BOOM1000,14494.274,14494.274,14493.635,14493.635,1775241600,2026-04-03T20:40:00
CRASH1000,5499.511,5499.701,5499.511,5499.701,1775241600,2026-04-03T20:40:00
BOOM1000,14493.626,14493.626,14489.302,14489.302,1775241900,2026-04-03T20:45:00
CRASH1000,5499.703,5500.579,5495.848,5496.612,1775241900,2026-04-03T20:45:00
CRASH1000,5496.918,5497.809,5481.499,5481.924,1775242200,2026-04-03T20:50:00
BOOM1000,14488.42,14488.42,14484.756,14484.756,1775242200,2026-04-03T20:50:00
CRASH1000,5496.615,5497.809,5481.499,5481.924,1775242200,2026-04-03T20:50:00
BOOM1000,14489.294,14489.294,14484.756,14484.756,1775242200,2026-04-03T20:50:00
CRASH1000,5481.926,5483.581,5481.926,5483.581,1775242500,2026-04-03T20:55:00
BOOM1000,14484.729,14484.729,14480.408,14480.408,1775242500,2026-04-03T20:55:00
CRASH1000,5483.582,5485.286,5483.582,5485.286,1775242800,2026-04-03T21:00:00
BOOM1000,14480.407,14480.407,14476.059,14476.059,1775242800,2026-04-03T21:00:00
CRASH1000,5485.301,5486.994,5485.301,5486.994,1775243100,2026-04-03T21:05:00
BOOM1000,14476.056,14476.056,14471.759,14471.759,1775243100,2026-04-03T21:05:00
